Quantity,Price Per Unit,Hour,Month,venta_alta,Item_Cake,Item_Cappuccino,Item_Coffee,Item_Cookie,Item_Espresso,Item_Juice,Item_Latte,Item_Muffin,Item_Sandwich,Item_Tea,Payment Method_Cash,Payment Method_Credit Card,Payment Method_Debit Card,Payment Method_Mobile Pay,Payment Method_No Especificado,Location_Drive-Through,Location_In-Store,Location_No Especificado,Location_Takeaway,DayOfWeek_Friday,DayOfWeek_Monday,DayOfWeek_Saturday,DayOfWeek_Sunday,DayOfWeek_Thursday,DayOfWeek_Tuesday,DayOfWeek_Wednesday
4,3.2,0,6,1,True,False,False,False,False,False,False,False,False,False,False,False,False,True,False,True,False,False,False,False,False,False,False,False,False,True
1,3.5,0,1,0,False,True,False,False,False,False,False,False,False,False,False,False,True,False,False,False,False,False,True,False,True,False,False,False,False,False
2,1.5,0,3,0,False,False,False,True,False,False,False,False,False,False,True,False,False,False,False,False,True,False,False,False,True,False,False,False,False,False
4,2.0,0,3,1,False,False,False,False,True,False,False,False,False,False,True,False,False,False,False,False,False,False,True,True,False,False,False,False,False,False
2,2.8,0,5,0,False,False,False,False,False,True,False,False,False,False,True,False,False,False,False,False,False,False,True,False,True,False,False,False,False,False
2,3.2,0,5,0,True,False,False,False,False,False,False,False,False,False,False,True,False,False,False,False,False,False,True,False,False,False,False,False,False,True
1,2.2,0,1,0,False,False,False,False,False,False,False,True,False,False,False,True,False,False,False,False,False,False,True,False,True,False,False,False,False,False
1,2.5,0,4,0,False,False,True,False,False,False,False,False,False,False,False,False,False,True,False,False,True,False,False,False,False,False,True,False,False,False
1,2.8,0,2,0,False,False,False,False,False,True,False,False,False,False,True,False,False,False,False,False,False,False,True,False,True,False,False,False,False,False
1,1.5,0,5,0,False,False,False,True,False,False,False,False,False,False,True,False,False,False,False,False,False,False,True,False,True,False,False,False,False,False
2,3.2,0,3,0,True,False,False,False,False,False,False,False,False,False,False,False,True,False,False,True,False,False,False,False,False,False,False,True,False,False
2,2.0,0,3,0,False,False,False,False,True,False,False,False,False,False,False,False,True,False,False,True,False,False,False,True,False,False,False,False,False,False
3,1.5,0,3,0,False,False,False,True,False,False,False,False,False,False,False,True,False,False,False,False,True,False,False,False,False,False,False,False,False,True
3,4.5,0,5,1,False,False,False,False,False,False,False,False,True,False,False,False,False,True,False,True,False,False,False,False,False,False,False,True,False,False
2,3.8,0,6,1,False,False,False,False,False,False,True,False,False,False,False,False,True,False,False,False,False,False,True,False,False,False,False,False,False,True
2,3.8,0,2,1,False,False,False,False,False,False,True,False,False,False,False,False,False,True,False,True,False,False,False,True,False,False,False,False,False,False
4,1.5,0,6,0,False,False,False,True,False,False,False,False,False,False,False,False,False,False,True,False,False,False,True,False,False,False,False,False,True,False
3,3.8,0,1,1,False,False,False,False,False,False,True,False,False,False,False,False,True,False,False,False,True,False,False,False,True,False,False,False,False,False
1,2.5,0,1,0,False,False,True,False,False,False,False,False,False,False,False,True,False,False,False,True,False,False,False,False,False,False,False,False,False,True
3,2.8,0,3,1,False,False,False,False,False,True,False,False,False,False,True,False,False,False,False,False,False,False,True,False,False,False,False,True,False,False
1,1.5,0,2,0,False,False,False,True,False,False,False,False,False,False,False,False,True,False,False,False,False,False,True,False,False,True,False,False,False,False
4,1.8,0,5,1,False,False,False,False,False,False,False,False,False,True,False,False,False,True,False,True,False,False,False,False,False,False,True,False,False,False
3,3.8,0,1,1,False,False,False,False,False,False,True,False,False,False,False,True,False,False,False,True,False,False,False,False,False,False,False,False,True,False
1,3.8,0,1,0,False,False,False,False,False,False,True,False,False,False,True,False,False,False,False,False,False,False,True,False,False,False,False,False,True,False
3,2.2,0,4,1,False,False,False,False,False,False,False,True,False,False,False,False,False,True,False,False,False,False,True,False,False,False,False,True,False,False
4,1.5,0,2,0,False,False,False,True,False,False,False,False,False,False,True,False,False,False,False,True,False,False,False,False,True,False,False,False,False,False
4,1.5,0,2,0,False,False,False,True,False,False,False,False,False,False,False,False,False,True,False,False,True,False,False,False,False,False,False,True,False,False
2,3.5,0,3,1,False,True,False,False,False,False,False,False,False,False,False,False,True,False,False,True,False,False,False,False,False,False,False,True,False,False
4,2.8,0,5,1,False,False,False,False,False,True,False,False,False,False,True,False,False,False,False,False,True,False,False,False,False,False,True,False,False,False
3,2.8,0,5,1,False,False,False,False,False,True,False,False,False,False,False,False,True,False,False,False,False,True,False,False,False,False,False,False,False,True
1,3.8,0,4,0,False,False,False,False,False,False,True,False,False,False,False,False,False,True,False,False,True,False,False,False,True,False,False,False,False,False
4,3.8,0,1,1,False,False,False,False,False,False,True,False,False,False,False,False,False,True,False,False,False,False,True,False,False,False,False,False,True,False
3,3.2,0,4,1,True,False,False,False,False,False,False,False,False,False,False,False,False,True,False,False,False,False,True,False,False,False,False,False,True,False
2,3.8,0,3,1,False,False,False,False,False,False,True,False,False,False,False,False,False,True,False,True,False,False,False,False,False,False,False,False,False,True
3,3.8,0,5,1,False,False,False,False,False,False,True,False,False,False,True,False,False,False,False,True,False,False,False,False,False,False,True,False,False,False
4,3.5,0,6,1,False,True,False,False,False,False,False,False,False,False,False,False,False,True,False,True,False,False,False,False,False,False,False,True,False,False
4,4.5,0,5,1,False,False,False,False,False,False,False,False,True,False,False,False,True,False,False,True,False,False,False,False,False,True,False,False,False,False
4,3.2,0,4,1,True,False,False,False,False,False,False,False,False,False,False,False,False,True,False,False,True,False,False,False,False,False,False,False,True,False
2,3.8,0,5,1,False,False,False,False,False,False,True,False,False,False,False,True,False,False,False,True,False,False,False,False,False,False,False,False,False,True
1,1.8,0,5,0,False,False,False,False,False,False,False,False,False,True,False,False,False,True,False,False,True,False,False,False,True,False,False,False,False,False
4,4.5,0,2,1,False,False,False,False,False,False,False,False,True,False,True,False,False,False,False,False,False,True,False,False,False,False,False,True,False,False
1,3.5,0,4,0,False,True,False,False,False,False,False,False,False,False,True,False,False,False,False,False,False,False,True,False,False,False,True,False,False,False
1,3.8,0,3,0,False,False,False,False,False,False,True,False,False,False,False,False,False,False,True,False,True,False,False,True,False,False,False,False,False,False
4,2.5,0,1,1,False,False,True,False,False,False,False,False,False,False,True,False,False,False,False,False,False,True,False,True,False,False,False,False,False,False
1,3.8,0,5,0,False,False,False,False,False,False,True,False,False,False,False,True,False,False,False,False,True,False,False,True,False,False,False,False,False,False
2,1.5,0,3,0,False,False,False,True,False,False,False,False,False,False,False,False,False,True,False,False,False,False,True,True,False,False,False,False,False,False
3,3.2,0,3,1,True,False,False,False,False,False,False,False,False,False,False,False,False,True,False,True,False,False,False,False,False,False,False,False,True,False
4,3.8,0,5,1,False,False,False,False,False,False,True,False,False,False,False,False,False,True,False,False,False,False,True,False,False,True,False,False,False,False
4,2.0,0,2,1,False,False,False,False,True,False,False,False,False,False,False,False,False,True,False,False,False,True,False,False,False,True,False,False,False,False
4,2.8,0,2,1,False,False,False,False,False,True,False,False,False,False,False,False,True,False,False,False,True,False,False,False,False,False,False,True,False,False
2,1.5,0,3,0,False,False,False,True,False,False,False,False,False,False,True,False,False,False,False,False,True,False,False,False,False,False,False,False,False,True
4,1.5,0,6,0,False,False,False,True,False,False,False,False,False,False,False,True,False,False,False,False,False,False,True,False,False,False,False,False,True,False
2,3.5,0,4,1,False,True,False,False,False,False,False,False,False,False,False,False,False,True,False,True,False,False,False,False,True,False,False,False,False,False
2,3.8,0,5,1,False,False,False,False,False,False,True,False,False,False,False,True,False,False,False,False,True,False,False,True,False,False,False,False,False,False
4,4.5,0,6,1,False,False,False,False,False,False,False,False,True,False,False,False,True,False,False,False,True,False,False,True,False,False,False,False,False,False
4,2.2,0,2,1,False,False,False,False,False,False,False,True,False,False,False,False,False,True,False,False,True,False,False,False,False,False,False,False,False,True
2,1.5,0,3,0,False,False,False,True,False,False,False,False,False,False,False,True,False,False,False,True,False,False,False,False,False,False,False,False,True,False
1,2.5,0,2,0,False,False,True,False,False,False,False,False,False,False,False,False,False,True,False,False,True,False,False,False,False,False,False,True,False,False
4,3.8,0,2,1,False,False,False,False,False,False,True,False,False,False,True,False,False,False,False,True,False,False,False,False,False,True,False,False,False,False
3,3.2,0,4,1,True,False,False,False,False,False,False,False,False,False,False,False,False,True,False,False,True,False,False,False,True,False,False,False,False,False
2,2.8,0,4,0,False,False,False,False,False,True,False,False,False,False,False,False,False,True,False,False,False,False,True,True,False,False,False,False,False,False
4,1.5,0,5,0,False,False,False,True,False,False,False,False,False,False,False,False,True,False,False,True,False,False,False,False,False,False,False,True,False,False
3,2.0,0,4,0,False,False,False,False,True,False,False,False,False,False,True,False,False,False,False,False,False,False,True,False,True,False,False,False,False,False
3,2.2,0,6,1,False,False,False,False,False,False,False,True,False,False,False,False,True,False,False,False,True,False,False,False,False,False,False,True,False,False
1,2.8,0,3,0,False,False,False,False,False,True,False,False,False,False,False,False,True,False,False,False,False,False,True,False,False,True,False,False,False,False
3,3.5,0,4,1,False,True,False,False,False,False,False,False,False,False,True,False,False,False,False,False,False,False,True,False,False,False,False,True,False,False
1,3.5,0,1,0,False,True,False,False,False,False,False,False,False,False,False,False,True,False,False,True,False,False,False,False,False,False,False,True,False,False
4,4.5,0,2,1,False,False,False,False,False,False,False,False,True,False,False,True,False,False,False,False,True,False,False,False,False,False,False,False,False,True
1,4.5,0,6,0,False,False,False,False,False,False,False,False,True,False,False,True,False,False,False,True,False,False,False,False,False,True,False,False,False,False
1,3.8,0,5,0,False,False,False,False,False,False,True,False,False,False,False,False,True,False,False,False,False,False,True,False,False,False,False,True,False,False
4,2.0,0,5,1,False,False,False,False,True,False,False,False,False,False,True,False,False,False,False,False,True,False,False,False,False,False,False,False,False,True
3,3.2,0,3,1,True,False,False,False,False,False,False,False,False,False,True,False,False,False,False,False,False,False,True,False,False,False,True,False,False,False
4,1.5,0,6,0,False,False,False,True,False,False,False,False,False,False,False,False,True,False,False,False,False,False,True,False,False,False,False,True,False,False
2,2.5,0,5,0,False,False,True,False,False,False,False,False,False,False,False,False,False,True,False,True,False,False,False,False,True,False,False,False,False,False
4,3.2,0,3,1,True,False,False,False,False,False,False,False,False,False,False,False,True,False,False,True,False,False,False,False,False,False,False,True,False,False
2,2.0,0,5,0,False,False,False,False,True,False,False,False,False,False,False,False,False,True,False,False,True,False,False,False,False,True,False,False,False,False
2,2.2,0,5,0,False,False,False,False,False,False,False,True,False,False,False,False,True,False,False,False,False,False,True,False,True,False,False,False,False,False
4,1.8,0,3,1,False,False,False,False,False,False,False,False,False,True,False,True,False,False,False,False,True,False,False,False,False,False,False,False,True,False
2,4.5,0,2,1,False,False,False,False,False,False,False,False,True,False,False,False,False,False,True,False,False,False,True,False,False,False,True,False,False,False
4,4.5,0,3,1,False,False,False,False,False,False,False,False,True,False,False,True,False,False,False,False,True,False,False,False,False,True,False,False,False,False
1,1.5,0,6,0,False,False,False,True,False,False,False,False,False,False,False,True,False,False,False,False,True,False,False,False,True,False,False,False,False,False
3,3.2,0,6,1,True,False,False,False,False,False,False,False,False,False,False,False,True,False,False,False,True,False,False,False,True,False,False,False,False,False
4,3.8,0,6,1,False,False,False,False,False,False,True,False,False,False,False,True,False,False,False,False,False,False,True,False,False,False,False,False,False,True
3,2.5,0,3,1,False,False,True,False,False,False,False,False,False,False,False,False,False,True,False,True,False,False,False,True,False,False,False,False,False,False
1,1.8,0,1,0,False,False,False,False,False,False,False,False,False,True,False,True,False,False,False,False,True,False,False,False,False,False,False,False,False,True
4,2.8,0,1,1,False,False,False,False,False,True,False,False,False,False,False,False,False,True,False,True,False,False,False,True,False,False,False,False,False,False
1,2.2,0,2,0,False,False,False,False,False,False,False,True,False,False,False,False,True,False,False,False,True,False,False,True,False,False,False,False,False,False
4,2.0,0,3,1,False,False,False,False,True,False,False,False,False,False,False,True,False,False,False,False,True,False,False,False,False,False,False,False,True,False
2,2.2,0,5,0,False,False,False,False,False,False,False,True,False,False,True,False,False,False,False,False,False,False,True,False,False,False,False,True,False,False
2,4.5,0,3,1,False,False,False,False,False,False,False,False,True,False,False,False,False,True,False,False,True,False,False,False,False,False,False,False,True,False
2,1.5,0,4,0,False,False,False,True,False,False,False,False,False,False,False,False,False,True,False,False,True,False,False,True,False,False,False,False,False,False
1,1.8,0,5,0,False,False,False,False,False,False,False,False,False,True,False,True,False,False,False,False,True,False,False,False,False,False,False,False,False,True
3,2.0,0,6,0,False,False,False,False,True,False,False,False,False,False,False,False,True,False,False,True,False,False,False,False,False,False,False,True,False,False
1,2.5,0,2,0,False,False,True,False,False,False,False,False,False,False,True,False,False,False,False,False,True,False,False,False,False,False,False,True,False,False
3,2.8,0,5,1,False,False,False,False,False,True,False,False,False,False,False,True,False,False,False,False,False,False,True,True,False,False,False,False,False,False
1,3.2,0,4,0,True,False,False,False,False,False,False,False,False,False,True,False,False,False,False,False,False,False,True,False,False,False,False,False,True,False
3,4.5,0,3,1,False,False,False,False,False,False,False,False,True,False,False,True,False,False,False,False,False,False,True,False,False,False,False,True,False,False
4,1.8,0,3,1,False,False,False,False,False,False,False,False,False,True,True,False,False,False,False,True,False,False,False,False,False,False,True,False,False,False
4,2.5,0,2,1,False,False,True,False,False,False,False,False,False,False,False,True,False,False,False,False,False,True,False,False,False,False,False,True,False,False
2,2.8,0,4,0,False,False,False,False,False,True,False,False,False,False,False,True,False,False,False,False,False,False,True,False,False,False,False,False,True,False
1,3.5,0,3,0,False,True,False,False,False,False,False,False,False,False,False,True,False,False,False,False,False,False,True,False,True,False,False,False,False,False
3,4.5,0,4,1,False,False,False,False,False,False,False,False,True,False,False,False,False,True,False,False,False,False,True,False,False,False,False,False,True,False
3,2.0,0,4,0,False,False,False,False,True,False,False,False,False,False,False,False,False,True,False,True,False,False,False,True,False,False,False,False,False,False
3,1.8,0,1,0,False,False,False,False,False,False,False,False,False,True,False,True,False,False,False,True,False,False,False,False,False,False,False,True,False,False
2,3.5,0,4,1,False,True,False,False,False,False,False,False,False,False,False,False,False,True,False,False,False,False,True,False,False,False,False,True,False,False
3,3.5,0,1,1,False,True,False,False,False,False,False,False,False,False,True,False,False,False,False,False,False,False,True,False,False,False,False,True,False,False
3,4.5,0,5,1,False,False,False,False,False,False,False,False,True,False,True,False,False,False,False,True,False,False,False,False,False,False,False,False,True,False
1,1.8,0,1,0,False,False,False,False,False,False,False,False,False,True,False,True,False,False,False,False,False,False,True,False,False,False,False,False,True,False
3,4.5,0,1,1,False,False,False,False,False,False,False,False,True,False,False,True,False,False,False,False,False,False,True,False,False,False,False,True,False,False
4,2.0,0,3,1,False,False,False,False,True,False,False,False,False,False,False,True,False,False,False,False,True,False,False,False,False,False,True,False,False,False
3,3.5,0,3,1,False,True,False,False,False,False,False,False,False,False,False,False,False,True,False,False,False,False,True,False,False,False,False,False,False,True
4,3.2,0,3,1,True,False,False,False,False,False,False,False,False,False,True,False,False,False,False,False,False,False,True,False,False,False,False,False,False,True
1,2.5,0,5,0,False,False,True,False,False,False,False,False,False,False,False,False,False,True,False,True,False,False,False,False,False,False,False,False,False,True
1,4.5,0,2,0,False,False,False,False,False,False,False,False,True,False,False,False,True,False,False,True,False,False,False,False,False,True,False,False,False,False
1,2.8,0,5,0,False,False,False,False,False,True,False,False,False,False,True,False,False,False,False,False,False,False,True,False,False,False,True,False,False,False
3,3.8,0,3,1,False,False,False,False,False,False,True,False,False,False,False,True,False,False,False,False,True,False,False,False,False,False,True,False,False,False
1,1.8,0,6,0,False,False,False,False,False,False,False,False,False,True,False,False,True,False,False,False,False,False,True,False,False,False,False,True,False,False
3,1.5,0,4,0,False,False,False,True,False,False,False,False,False,False,True,False,False,False,False,True,False,False,False,False,False,True,False,False,False,False
3,3.5,0,6,1,False,True,False,False,False,False,False,False,False,False,False,False,True,False,False,False,True,False,False,False,False,False,True,False,False,False
1,2.2,0,3,0,False,False,False,False,False,False,False,True,False,False,True,False,False,False,False,False,True,False,False,False,True,False,False,False,False,False
2,2.8,0,5,0,False,False,False,False,False,True,False,False,False,False,False,False,False,True,False,True,False,False,False,False,False,False,True,False,False,False
2,3.2,0,4,0,True,False,False,False,False,False,False,False,False,False,True,False,False,False,False,False,False,False,True,False,False,False,False,False,True,False
2,1.8,0,1,0,False,False,False,False,False,False,False,False,False,True,False,True,False,False,False,False,True,False,False,False,False,False,True,False,False,False
1,2.2,0,2,0,False,False,False,False,False,False,False,True,False,False,False,False,False,True,False,True,False,False,False,False,False,False,True,False,False,False
3,2.2,0,1,1,False,False,False,False,False,False,False,True,False,False,True,False,False,False,False,False,False,False,True,False,False,False,True,False,False,False
4,1.8,0,6,1,False,False,False,False,False,False,False,False,False,True,False,True,False,False,False,False,False,True,False,False,False,False,False,True,False,False
4,3.8,0,6,1,False,False,False,False,False,False,True,False,False,False,False,False,True,False,False,False,False,False,True,False,True,False,False,False,False,False
4,1.8,0,4,1,False,False,False,False,False,False,False,False,False,True,False,False,True,False,False,False,True,False,False,False,False,False,False,False,True,False
3,1.5,0,5,0,False,False,False,True,False,False,False,False,False,False,True,False,False,False,False,False,False,False,True,False,False,False,False,False,False,True
2,2.5,0,1,0,False,False,True,False,False,False,False,False,False,False,False,True,False,False,False,False,True,False,False,True,False,False,False,False,False,False
4,2.5,0,3,1,False,False,True,False,False,False,False,False,False,False,False,False,True,False,False,True,False,False,False,False,True,False,False,False,False,False
3,2.0,0,5,0,False,False,False,False,True,False,False,False,False,False,True,False,False,False,False,True,False,False,False,True,False,False,False,False,False,False
3,2.2,0,3,1,False,False,False,False,False,False,False,True,False,False,True,False,False,False,False,False,False,False,True,False,False,False,True,False,False,False
3,2.8,0,4,1,False,False,False,False,False,True,False,False,False,False,False,False,False,False,True,False,True,False,False,False,True,False,False,False,False,False
1,4.5,0,6,0,False,False,False,False,False,False,False,False,True,False,False,False,True,False,False,False,False,False,True,False,False,True,False,False,False,False
4,2.8,0,3,1,False,False,False,False,False,True,False,False,False,False,False,False,True,False,False,True,False,False,False,False,False,True,False,False,False,False
3,4.5,0,4,1,False,False,False,False,False,False,False,False,True,False,False,True,False,False,False,True,False,False,False,False,False,False,True,False,False,False
4,3.8,0,3,1,False,False,False,False,False,False,True,False,False,False,False,False,False,False,True,True,False,False,False,False,False,False,False,False,True,False
3,2.8,0,6,1,False,False,False,False,False,True,False,False,False,False,False,False,True,False,False,False,False,False,True,False,False,False,False,True,False,False
4,2.8,0,4,1,False,False,False,False,False,True,False,False,False,False,False,True,False,False,False,False,False,False,True,True,False,False,False,False,False,False
4,2.0,0,6,1,False,False,False,False,True,False,False,False,False,False,False,False,False,True,False,False,False,False,True,False,False,False,False,False,False,True
1,3.2,0,4,0,True,False,False,False,False,False,False,False,False,False,False,False,True,False,False,True,False,False,False,False,False,False,False,False,True,False
4,2.2,0,5,1,False,False,False,False,False,False,False,True,False,False,False,True,False,False,False,False,True,False,False,False,False,False,False,False,False,True
2,3.8,0,3,1,False,False,False,False,False,False,True,False,False,False,False,True,False,False,False,False,True,False,False,False,False,False,False,False,False,True
4,3.5,0,1,1,False,True,False,False,False,False,False,False,False,False,False,False,False,True,False,True,False,False,False,False,False,False,False,False,True,False
4,2.5,0,6,1,False,False,True,False,False,False,False,False,False,False,False,False,True,False,False,False,True,False,False,False,False,False,False,False,True,False
3,3.5,0,1,1,False,True,False,False,False,False,False,False,False,False,False,True,False,False,False,False,False,False,True,False,False,False,False,False,True,False
4,4.5,0,3,1,False,False,False,False,False,False,False,False,True,False,False,False,False,True,False,False,True,False,False,False,True,False,False,False,False,False
3,3.8,0,3,1,False,False,False,False,False,False,True,False,False,False,False,True,False,False,False,False,False,False,True,False,False,False,False,False,True,False
4,4.5,0,1,1,False,False,False,False,False,False,False,False,True,False,False,False,True,False,False,False,False,False,True,True,False,False,False,False,False,False
4,1.8,0,1,1,False,False,False,False,False,False,False,False,False,True,False,False,False,True,False,False,True,False,False,False,True,False,False,False,False,False
4,3.8,0,3,1,False,False,False,False,False,False,True,False,False,False,False,False,False,True,False,True,False,False,False,False,True,False,False,False,False,False
1,3.5,0,3,0,False,True,False,False,False,False,False,False,False,False,True,False,False,False,False,False,False,False,True,False,False,False,False,False,True,False
3,2.5,0,4,1,False,False,True,False,False,False,False,False,False,False,False,False,True,False,False,False,True,False,False,False,False,True,False,False,False,False
2,2.0,0,3,0,False,False,False,False,True,False,False,False,False,False,False,False,False,True,False,True,False,False,False,False,False,False,False,False,False,True
1,4.5,0,3,0,False,False,False,False,False,False,False,False,True,False,False,True,False,False,False,False,False,False,True,False,False,True,False,False,False,False
3,4.5,0,1,1,False,False,False,False,False,False,False,False,True,False,True,False,False,False,False,True,False,False,False,False,True,False,False,False,False,False
1,1.5,0,2,0,False,False,False,True,False,False,False,False,False,False,False,True,False,False,False,False,True,False,False,False,False,False,True,False,False,False
4,1.8,0,5,1,False,False,False,False,False,False,False,False,False,True,False,False,False,True,False,False,False,False,True,True,False,False,False,False,False,False
1,3.2,0,2,0,True,False,False,False,False,False,False,False,False,False,False,False,False,False,True,True,False,False,False,False,False,False,False,False,True,False
1,3.5,0,4,0,False,True,False,False,False,False,False,False,False,False,False,False,True,False,False,True,False,False,False,False,False,False,True,False,False,False
4,2.2,0,4,1,False,False,False,False,False,False,False,True,False,False,False,True,False,False,False,False,False,False,True,False,False,True,False,False,False,False
3,2.0,0,2,0,False,False,False,False,True,False,False,False,False,False,False,True,False,False,False,False,True,False,False,False,False,False,False,False,False,True
2,2.0,0,1,0,False,False,False,False,True,False,False,False,False,False,False,False,True,False,False,True,False,False,False,False,False,False,False,True,False,False
4,2.2,0,4,1,False,False,False,False,False,False,False,True,False,False,False,False,True,False,False,False,True,False,False,True,False,False,False,False,False,False
1,2.2,0,3,0,False,False,False,False,False,False,False,True,False,False,False,False,False,True,False,False,True,False,False,False,False,False,False,True,False,False
4,2.0,0,4,1,False,False,False,False,True,False,False,False,False,False,True,False,False,False,False,True,False,False,False,False,True,False,False,False,False,False
4,3.8,0,6,1,False,False,False,False,False,False,True,False,False,False,False,False,True,False,False,False,False,False,True,False,False,False,False,False,True,False
2,2.8,0,1,0,False,False,False,False,False,True,False,False,False,False,False,False,True,False,False,False,True,False,False,False,False,False,False,False,False,True
3,2.5,0,2,1,False,False,True,False,False,False,False,False,False,False,False,False,True,False,False,False,True,False,False,False,False,True,False,False,False,False
2,1.5,0,4,0,False,False,False,True,False,False,False,False,False,False,False,False,True,False,False,False,False,False,True,False,True,False,False,False,False,False
4,2.0,0,2,1,False,False,False,False,True,False,False,False,False,False,False,False,False,True,False,False,False,False,True,True,False,False,False,False,False,False
1,2.5,0,5,0,False,False,True,False,False,False,False,False,False,False,False,False,False,True,False,False,False,True,False,False,False,True,False,False,False,False
2,3.2,0,5,0,True,False,False,False,False,False,False,False,False,False,False,False,True,False,False,False,True,False,False,False,False,False,False,False,False,True
2,2.5,0,1,0,False,False,True,False,False,False,False,False,False,False,False,False,False,True,False,True,False,False,False,False,False,False,False,False,True,False
2,2.8,0,5,0,False,False,False,False,False,True,False,False,False,False,True,False,False,False,False,False,False,False,True,False,False,False,False,False,False,True
4,4.5,0,5,1,False,False,False,False,False,False,False,False,True,False,False,False,False,False,True,False,False,False,True,False,False,False,False,True,False,False
3,4.5,0,6,1,False,False,False,False,False,False,False,False,True,False,False,True,False,False,False,True,False,False,False,False,False,False,False,False,False,True
4,3.2,0,5,1,True,False,False,False,False,False,False,False,False,False,False,False,False,True,False,True,False,False,False,False,False,False,False,False,True,False
4,1.5,0,5,0,False,False,False,True,False,False,False,False,False,False,False,False,True,False,False,False,False,False,True,False,True,False,False,False,False,False
1,2.0,0,1,0,False,False,False,False,True,False,False,False,False,False,True,False,False,False,False,False,True,False,False,False,False,False,False,True,False,False
3,1.8,0,6,0,False,False,False,False,False,False,False,False,False,True,False,False,False,True,False,False,True,False,False,False,True,False,False,False,False,False
2,1.8,0,1,0,False,False,False,False,False,False,False,False,False,True,True,False,False,False,False,False,False,False,True,True,False,False,False,False,False,False
4,1.5,0,2,0,False,False,False,True,False,False,False,False,False,False,False,True,False,False,False,False,True,False,False,False,False,True,False,False,False,False
3,1.5,0,6,0,False,False,False,True,False,False,False,False,False,False,False,False,True,False,False,False,False,False,True,False,True,False,False,False,False,False
3,2.2,0,6,1,False,False,False,False,False,False,False,True,False,False,False,True,False,False,False,True,False,False,False,True,False,False,False,False,False,False
4,4.5,0,4,1,False,False,False,False,False,False,False,False,True,False,False,True,False,False,False,False,False,False,True,False,True,False,False,False,False,False
4,3.8,0,4,1,False,False,False,False,False,False,True,False,False,False,False,True,False,False,False,False,False,False,True,False,False,False,False,False,False,True
2,2.2,0,5,0,False,False,False,False,False,False,False,True,False,False,False,False,False,False,True,True,False,False,False,False,False,False,False,True,False,False
4,3.2,0,1,1,True,False,False,False,False,False,False,False,False,False,False,False,True,False,False,True,False,False,False,False,False,False,False,False,False,True
1,2.5,0,3,0,False,False,True,False,False,False,False,False,False,False,True,False,False,False,False,False,False,False,True,False,False,False,False,False,False,True
3,1.8,0,1,0,False,False,False,False,False,False,False,False,False,True,False,False,True,False,False,False,False,False,True,False,False,False,False,False,True,False
1,2.5,0,2,0,False,False,True,False,False,False,False,False,False,False,False,True,False,False,False,False,False,False,True,False,True,False,False,False,False,False
1,2.2,0,3,0,False,False,False,False,False,False,False,True,False,False,False,True,False,False,False,False,False,False,True,False,False,True,False,False,False,False
4,4.5,0,1,1,False,False,False,False,False,False,False,False,True,False,False,False,True,False,False,False,True,False,False,False,False,False,False,False,True,False
1,3.8,0,6,0,False,False,False,False,False,False,True,False,False,False,False,True,False,False,False,False,False,False,True,False,False,True,False,False,False,False
1,3.2,0,5,0,True,False,False,False,False,False,False,False,False,False,True,False,False,False,False,False,True,False,False,False,False,False,False,True,False,False
4,2.0,0,3,1,False,False,False,False,True,False,False,False,False,False,True,False,False,False,False,True,False,False,False,True,False,False,False,False,False,False
4,2.0,0,3,1,False,False,False,False,True,False,False,False,False,False,False,True,False,False,False,True,False,False,False,False,False,False,True,False,False,False
4,4.5,0,3,1,False,False,False,False,False,False,False,False,True,False,True,False,False,False,False,True,False,False,False,False,True,False,False,False,False,False
3,1.8,0,2,0,False,False,False,False,False,False,False,False,False,True,False,True,False,False,False,False,True,False,False,False,False,False,True,False,False,False
1,2.2,0,3,0,False,False,False,False,False,False,False,True,False,False,False,True,False,False,False,True,False,False,False,False,False,False,False,False,True,False
1,2.8,0,6,0,False,False,False,False,False,True,False,False,False,False,False,False,False,True,False,False,False,False,True,False,False,False,False,False,True,False
2,2.5,0,1,0,False,False,True,False,False,False,False,False,False,False,False,False,True,False,False,False,True,False,False,False,False,False,True,False,False,False
4,1.8,0,1,1,False,False,False,False,False,False,False,False,False,True,False,False,True,False,False,False,True,False,False,False,False,False,False,False,False,True
2,2.2,0,3,0,False,False,False,False,False,False,False,True,False,False,False,False,False,True,False,False,True,False,False,True,False,False,False,False,False,False
1,4.5,0,1,0,False,False,False,False,False,False,False,False,True,False,False,False,False,True,False,False,False,False,True,True,False,False,False,False,False,False
3,2.2,0,1,1,False,False,False,False,False,False,False,True,False,False,False,False,True,False,False,False,True,False,False,False,False,False,False,False,True,False
4,2.5,0,3,1,False,False,True,False,False,False,False,False,False,False,False,False,False,True,False,False,True,False,False,False,False,False,True,False,False,False
1,3.2,0,3,0,True,False,False,False,False,False,False,False,False,False,False,False,True,False,False,False,True,False,False,False,True,False,False,False,False,False
1,3.2,0,4,0,True,False,False,False,False,False,False,False,False,False,True,False,False,False,False,False,False,False,True,False,False,False,False,True,False,False
2,4.5,0,3,1,False,False,False,False,False,False,False,False,True,False,True,False,False,False,False,True,False,False,False,False,False,False,True,False,False,False
1,3.8,0,4,0,False,False,False,False,False,False,True,False,False,False,True,False,False,False,False,False,True,False,False,False,False,True,False,False,False,False
3,1.5,0,1,0,False,False,False,True,False,False,False,False,False,False,False,False,False,True,False,True,False,False,False,False,False,False,False,False,True,False
3,2.2,0,1,1,False,False,False,False,False,False,False,True,False,False,False,False,False,True,False,False,False,False,True,False,False,False,False,False,True,False
1,2.2,0,3,0,False,False,False,False,False,False,False,True,False,False,False,True,False,False,False,True,False,False,False,False,False,True,False,False,False,False
1,2.5,0,3,0,False,False,True,False,False,False,False,False,False,False,False,False,True,False,False,False,True,False,False,False,False,True,False,False,False,False
3,2.5,0,1,1,False,False,True,False,False,False,False,False,False,False,False,False,False,True,False,False,True,False,False,False,False,False,False,True,False,False
4,3.2,0,5,1,True,False,False,False,False,False,False,False,False,False,False,True,False,False,False,False,False,False,True,True,False,False,False,False,False,False
1,3.2,0,2,0,True,False,False,False,False,False,False,False,False,False,False,False,False,True,False,True,False,False,False,False,True,False,False,False,False,False
3,1.5,0,3,0,False,False,False,True,False,False,False,False,False,False,False,False,False,True,False,False,True,False,False,False,False,False,True,False,False,False
3,2.8,0,1,1,False,False,False,False,False,True,False,False,False,False,False,False,False,True,False,False,True,False,False,False,False,False,False,False,False,True
3,2.2,0,1,1,False,False,False,False,False,False,False,True,False,False,False,False,True,False,False,False,True,False,False,False,False,False,False,False,False,True
2,2.0,0,5,0,False,False,False,False,True,False,False,False,False,False,False,False,True,False,False,True,False,False,False,False,False,False,False,True,False,False
1,1.8,0,6,0,False,False,False,False,False,False,False,False,False,True,False,False,True,False,False,False,True,False,False,False,False,False,False,False,True,False
2,3.2,0,1,0,True,False,False,False,False,False,False,False,False,False,True,False,False,False,False,True,False,False,False,False,False,False,True,False,False,False
3,2.8,0,2,1,False,False,False,False,False,True,False,False,False,False,False,False,True,False,False,False,True,False,False,False,True,False,False,False,False,False
1,3.2,0,2,0,True,False,False,False,False,False,False,False,False,False,False,False,True,False,False,False,True,False,False,False,False,True,False,False,False,False
2,4.5,0,1,1,False,False,False,False,False,False,False,False,True,False,False,False,False,False,True,False,False,False,True,False,False,False,False,True,False,False
2,1.8,0,6,0,False,False,False,False,False,False,False,False,False,True,False,True,False,False,False,False,False,False,True,False,False,False,False,False,False,True
2,2.5,0,1,0,False,False,True,False,False,False,False,False,False,False,False,False,False,True,False,True,False,False,False,True,False,False,False,False,False,False
2,1.5,0,2,0,False,False,False,True,False,False,False,False,False,False,False,False,True,False,False,False,False,False,True,False,False,True,False,False,False,False
2,2.2,0,6,0,False,False,False,False,False,False,False,True,False,False,False,False,False,True,False,False,True,False,False,False,False,True,False,False,False,False
3,2.0,0,4,0,False,False,False,False,True,False,False,False,False,False,False,True,False,False,False,True,False,False,False,False,False,False,False,False,True,False
1,1.5,0,6,0,False,False,False,True,False,False,False,False,False,False,False,False,True,False,False,False,True,False,False,False,True,False,False,False,False,False
1,4.5,0,4,0,False,False,False,False,False,False,False,False,True,False,False,False,False,True,False,True,False,False,False,False,False,False,False,False,True,False
2,2.8,0,4,0,False,False,False,False,False,True,False,False,False,False,False,True,False,False,False,False,True,False,False,False,False,True,False,False,False,False
3,1.5,0,2,0,False,False,False,True,False,False,False,False,False,False,False,False,True,False,False,False,True,False,False,False,False,False,False,False,True,False
2,3.8,0,4,1,False,False,False,False,False,False,True,False,False,False,False,False,False,True,False,True,False,False,False,False,True,False,False,False,False,False
3,2.0,0,2,0,False,False,False,False,True,False,False,False,False,False,False,False,False,True,False,True,False,False,False,False,False,False,False,False,False,True
3,3.8,0,2,1,False,False,False,False,False,False,True,False,False,False,False,True,False,False,False,False,False,False,True,False,False,False,False,True,False,False
1,2.8,0,4,0,False,False,False,False,False,True,False,False,False,False,False,False,False,False,True,True,False,False,False,False,False,False,False,False,False,True
4,2.5,0,5,1,False,False,True,False,False,False,False,False,False,False,True,False,False,False,False,False,False,False,True,False,False,False,False,False,False,True
1,2.5,0,1,0,False,False,True,False,False,False,False,False,False,False,True,False,False,False,False,True,False,False,False,False,False,True,False,False,False,False
1,1.8,0,6,0,False,False,False,False,False,False,False,False,False,True,False,False,False,True,False,False,False,False,True,True,False,False,False,False,False,False
3,4.5,0,4,1,False,False,False,False,False,False,False,False,True,False,False,False,False,True,False,False,False,False,True,False,False,True,False,False,False,False
1,2.5,0,2,0,False,False,True,False,False,False,False,False,False,False,True,False,False,False,False,False,False,False,True,False,False,False,True,False,False,False
4,1.8,0,1,1,False,False,False,False,False,False,False,False,False,True,False,True,False,False,False,False,True,False,False,False,False,False,False,True,False,False
2,2.5,0,5,0,False,False,True,False,False,False,False,False,False,False,False,False,True,False,False,False,True,False,False,False,True,False,False,False,False,False
3,2.8,0,3,1,False,False,False,False,False,True,False,False,False,False,False,False,False,False,True,False,False,True,False,False,False,False,False,False,False,True
1,2.8,0,3,0,False,False,False,False,False,True,False,False,False,False,False,False,False,True,False,True,False,False,False,False,False,False,False,False,True,False
1,1.8,0,3,0,False,False,False,False,False,False,False,False,False,True,False,True,False,False,False,True,False,False,False,False,False,False,True,False,False,False
4,4.5,0,4,1,False,False,False,False,False,False,False,False,True,False,False,False,False,True,False,False,True,False,False,False,False,False,False,False,True,False
1,1.8,0,1,0,False,False,False,False,False,False,False,False,False,True,False,False,True,False,False,True,False,False,False,True,False,False,False,False,False,False
4,3.5,0,4,1,False,True,False,False,False,False,False,False,False,False,False,False,True,False,False,False,False,False,True,False,False,False,True,False,False,False
3,2.2,0,4,1,False,False,False,False,False,False,False,True,False,False,False,False,False,False,True,False,False,False,True,False,True,False,False,False,False,False
2,4.5,0,6,1,False,False,False,False,False,False,False,False,True,False,False,False,True,False,False,True,False,False,False,False,False,False,False,False,True,False
3,1.5,0,2,0,False,False,False,True,False,False,False,False,False,False,False,True,False,False,False,False,False,False,True,False,False,False,False,False,True,False
3,2.2,0,1,1,False,False,False,False,False,False,False,True,False,False,False,False,False,False,True,False,False,False,True,False,False,True,False,False,False,False
2,1.8,0,6,0,False,False,False,False,False,False,False,False,False,True,False,False,False,True,False,True,False,False,False,False,False,False,False,False,False,True
4,1.8,0,6,1,False,False,False,False,False,False,False,False,False,True,False,False,False,True,False,False,False,False,True,False,False,True,False,False,False,False
2,4.5,0,2,1,False,False,False,False,False,False,False,False,True,False,False,False,False,False,True,False,True,False,False,False,False,False,False,False,False,True
4,1.8,0,6,1,False,False,False,False,False,False,False,False,False,True,False,False,True,False,False,True,False,False,False,True,False,False,False,False,False,False
2,2.5,0,3,0,False,False,True,False,False,False,False,False,False,False,False,False,False,False,True,False,False,True,False,True,False,False,False,False,False,False
3,3.5,0,6,1,False,True,False,False,False,False,False,False,False,False,False,True,False,False,False,True,False,False,False,False,False,False,False,False,True,False
4,3.5,0,3,1,False,True,False,False,False,False,False,False,False,False,False,False,True,False,False,False,False,False,True,False,False,True,False,False,False,False
2,1.8,0,6,0,False,False,False,False,False,False,False,False,False,True,False,True,False,False,False,True,False,False,False,False,False,False,False,False,False,True
1,2.0,0,3,0,False,False,False,False,True,False,False,False,False,False,False,False,True,False,False,False,False,False,True,False,False,False,True,False,False,False
2,3.5,0,4,1,False,True,False,False,False,False,False,False,False,False,True,False,False,False,False,True,False,False,False,False,False,False,False,False,False,True
2,3.8,0,6,1,False,False,False,False,False,False,True,False,False,False,False,False,True,False,False,False,False,False,True,False,True,False,False,False,False,False
1,3.8,0,1,0,False,False,False,False,False,False,True,False,False,False,False,False,False,True,False,True,False,False,False,True,False,False,False,False,False,False
1,4.5,0,5,0,False,False,False,False,False,False,False,False,True,False,False,False,False,True,False,False,True,False,False,False,False,False,False,False,True,False
3,3.5,0,5,1,False,True,False,False,False,False,False,False,False,False,False,True,False,False,False,True,False,False,False,False,False,False,False,False,True,False
1,1.5,0,3,0,False,False,False,True,False,False,False,False,False,False,False,True,False,False,False,False,True,False,False,False,True,False,False,False,False,False
3,3.8,0,6,1,False,False,False,False,False,False,True,False,False,False,False,False,False,True,False,False,False,False,True,False,False,False,False,False,False,True
4,1.5,0,2,0,False,False,False,True,False,False,False,False,False,False,False,True,False,False,False,False,True,False,False,False,True,False,False,False,False,False
4,2.2,0,3,1,False,False,False,False,False,False,False,True,False,False,False,False,False,True,False,False,False,False,True,False,False,False,True,False,False,False
2,2.8,0,5,0,False,False,False,False,False,True,False,False,False,False,False,False,False,True,False,False,True,False,False,False,True,False,False,False,False,False
2,1.5,0,3,0,False,False,False,True,False,False,False,False,False,False,False,False,False,True,False,True,False,False,False,False,False,False,True,False,False,False
4,1.8,0,6,1,False,False,False,False,False,False,False,False,False,True,False,False,False,True,False,False,True,False,False,True,False,False,False,False,False,False
1,1.5,0,2,0,False,False,False,True,False,False,False,False,False,False,True,False,False,False,False,False,False,True,False,False,False,True,False,False,False,False
1,4.5,0,4,0,False,False,False,False,False,False,False,False,True,False,False,True,False,False,False,False,True,False,False,False,False,False,True,False,False,False
2,1.5,0,1,0,False,False,False,True,False,False,False,False,False,False,False,False,True,False,False,False,True,False,False,False,False,True,False,False,False,False
2,3.2,0,4,0,True,False,False,False,False,False,False,False,False,False,False,False,False,True,False,False,False,False,True,True,False,False,False,False,False,False
3,2.2,0,1,1,False,False,False,False,False,False,False,True,False,False,False,False,True,False,False,True,False,False,False,True,False,False,False,False,False,False
3,2.5,0,2,1,False,False,True,False,False,False,False,False,False,False,False,True,False,False,False,False,True,False,False,False,False,False,False,False,False,True
2,3.5,0,4,1,False,True,False,False,False,False,False,False,False,False,True,False,False,False,False,False,True,False,False,False,True,False,False,False,False,False
1,2.0,0,4,0,False,False,False,False,True,False,False,False,False,False,True,False,False,False,False,True,False,False,False,False,False,False,False,True,False,False
3,2.2,0,1,1,False,False,False,False,False,False,False,True,False,False,True,False,False,False,False,False,False,False,True,False,False,False,False,True,False,False
1,4.5,0,5,0,False,False,False,False,False,False,False,False,True,False,False,False,False,True,False,False,False,True,False,True,False,False,False,False,False,False
2,3.5,0,6,1,False,True,False,False,False,False,False,False,False,False,False,False,True,False,False,True,False,False,False,False,False,False,False,True,False,False
1,3.2,0,4,0,True,False,False,False,False,False,False,False,False,False,False,True,False,False,False,False,True,False,False,False,False,False,False,False,False,True
1,3.5,0,4,0,False,True,False,False,False,False,False,False,False,False,False,True,False,False,False,False,True,False,False,False,False,False,False,True,False,False
1,1.5,0,2,0,False,False,False,True,False,False,False,False,False,False,False,False,True,False,False,True,False,False,False,False,False,False,False,False,True,False
4,1.8,0,2,1,False,False,False,False,False,False,False,False,False,True,False,False,True,False,False,False,True,False,False,False,True,False,False,False,False,False
4,4.5,0,1,1,False,False,False,False,False,False,False,False,True,False,True,False,False,False,False,False,True,False,False,False,False,True,False,False,False,False
4,2.2,0,5,1,False,False,False,False,False,False,False,True,False,False,False,True,False,False,False,False,True,False,False,True,False,False,False,False,False,False
4,1.5,0,6,0,False,False,False,True,False,False,False,False,False,False,False,False,False,True,False,True,False,False,False,False,False,False,False,False,False,True
4,2.8,0,6,1,False,False,False,False,False,True,False,False,False,False,False,True,False,False,False,True,False,False,False,False,False,False,False,True,False,False
2,2.0,0,4,0,False,False,False,False,True,False,False,False,False,False,False,False,False,True,False,False,True,False,False,False,False,False,False,False,True,False
2,1.5,0,5,0,False,False,False,True,False,False,False,False,False,False,False,True,False,False,False,False,False,True,False,False,True,False,False,False,False,False
4,3.5,0,1,1,False,True,False,False,False,False,False,False,False,False,False,False,False,False,True,False,False,False,True,True,False,False,False,False,False,False
1,1.8,0,4,0,False,False,False,False,False,False,False,False,False,True,False,True,False,False,False,True,False,False,False,False,False,False,False,True,False,False
1,2.5,0,4,0,False,False,True,False,False,False,False,False,False,False,False,True,False,False,False,False,True,False,False,False,True,False,False,False,False,False
4,3.2,0,2,1,True,False,False,False,False,False,False,False,False,False,False,True,False,False,False,False,True,False,False,True,False,False,False,False,False,False
3,1.8,0,3,0,False,False,False,False,False,False,False,False,False,True,False,True,False,False,False,False,True,False,False,False,False,False,False,False,True,False
2,1.8,0,2,0,False,False,False,False,False,False,False,False,False,True,True,False,False,False,False,False,False,False,True,False,False,False,True,False,False,False
1,3.2,0,5,0,True,False,False,False,False,False,False,False,False,False,False,True,False,False,False,True,False,False,False,False,False,False,False,False,True,False
2,2.8,0,6,0,False,False,False,False,False,True,False,False,False,False,False,False,False,True,False,False,False,False,True,False,False,False,False,True,False,False
2,2.2,0,3,0,False,False,False,False,False,False,False,True,False,False,True,False,False,False,False,False,False,False,True,True,False,False,False,False,False,False
4,2.8,0,3,1,False,False,False,False,False,True,False,False,False,False,False,True,False,False,False,True,False,False,False,False,False,False,True,False,False,False
2,3.8,0,6,1,False,False,False,False,False,False,True,False,False,False,False,True,False,False,False,True,False,False,False,True,False,False,False,False,False,False
1,3.8,0,6,0,False,False,False,False,False,False,True,False,False,False,False,False,True,False,False,True,False,False,False,False,False,True,False,False,False,False
2,2.2,0,5,0,False,False,False,False,False,False,False,True,False,False,False,False,True,False,False,True,False,False,False,False,False,False,False,False,True,False
2,1.5,0,3,0,False,False,False,True,False,False,False,False,False,False,False,False,False,False,True,False,True,False,False,False,False,False,False,True,False,False
3,1.5,0,1,0,False,False,False,True,False,False,False,False,False,False,False,False,True,False,False,True,False,False,False,False,False,False,False,False,False,True
1,2.0,0,4,0,False,False,False,False,True,False,False,False,False,False,True,False,False,False,False,False,False,False,True,False,True,False,False,False,False,False
1,1.8,0,4,0,False,False,False,False,False,False,False,False,False,True,False,False,False,False,True,False,True,False,False,False,False,False,False,False,False,True
2,2.2,0,4,0,False,False,False,False,False,False,False,True,False,False,False,False,False,True,False,False,False,False,True,False,False,False,False,False,True,False
4,3.5,0,1,1,False,True,False,False,False,False,False,False,False,False,False,True,False,False,False,True,False,False,False,False,True,False,False,False,False,False
3,2.2,0,4,1,False,False,False,False,False,False,False,True,False,False,False,False,False,False,True,False,False,False,True,False,False,False,False,False,True,False
2,4.5,0,3,1,False,False,False,False,False,False,False,False,True,False,False,False,False,True,False,False,False,False,True,False,True,False,False,False,False,False
1,1.5,0,4,0,False,False,False,True,False,False,False,False,False,False,False,False,True,False,False,False,True,False,False,False,False,False,False,False,False,True
4,1.8,0,6,1,False,False,False,False,False,False,False,False,False,True,False,False,True,False,False,False,True,False,False,True,False,False,False,False,False,False
2,3.8,0,5,1,False,False,False,False,False,False,True,False,False,False,False,False,True,False,False,True,False,False,False,False,False,True,False,False,False,False
2,3.8,0,4,1,False,False,False,False,False,False,True,False,False,False,True,False,False,False,False,False,False,False,True,False,False,True,False,False,False,False
4,4.5,0,2,1,False,False,False,False,False,False,False,False,True,False,False,False,True,False,False,False,True,False,False,False,False,False,False,False,True,False
3,1.5,0,3,0,False,False,False,True,False,False,False,False,False,False,True,False,False,False,False,False,False,False,True,False,False,False,True,False,False,False
4,2.0,0,1,1,False,False,False,False,True,False,False,False,False,False,False,False,True,False,False,True,False,False,False,False,False,False,False,False,False,True
1,3.2,0,6,0,True,False,False,False,False,False,False,False,False,False,False,False,True,False,False,False,False,False,True,False,False,False,False,True,False,False
2,2.5,0,3,0,False,False,True,False,False,False,False,False,False,False,True,False,False,False,False,False,True,False,False,False,True,False,False,False,False,False
3,4.5,0,6,1,False,False,False,False,False,False,False,False,True,False,False,True,False,False,False,False,True,False,False,False,False,False,False,False,True,False
3,2.5,0,6,1,False,False,True,False,False,False,False,False,False,False,False,False,False,True,False,False,False,False,True,False,False,False,False,False,False,True
2,3.2,0,5,0,True,False,False,False,False,False,False,False,False,False,True,False,False,False,False,True,False,False,False,False,False,False,False,True,False,False
4,2.0,0,3,1,False,False,False,False,True,False,False,False,False,False,False,True,False,False,False,False,False,False,True,False,False,False,False,True,False,False
1,3.8,0,6,0,False,False,False,False,False,False,True,False,False,False,True,False,False,False,False,False,True,False,False,False,False,False,True,False,False,False
1,2.5,0,2,0,False,False,True,False,False,False,False,False,False,False,False,True,False,False,False,True,False,False,False,False,False,True,False,False,False,False
3,3.8,0,3,1,False,False,False,False,False,False,True,False,False,False,False,False,True,False,False,False,True,False,False,False,False,True,False,False,False,False
2,3.5,0,1,1,False,True,False,False,False,False,False,False,False,False,False,False,True,False,False,True,False,False,False,False,False,False,False,True,False,False
2,3.2,0,2,0,True,False,False,False,False,False,False,False,False,False,False,True,False,False,False,False,False,False,True,False,False,False,False,False,False,True
2,1.5,0,2,0,False,False,False,True,False,False,False,False,False,False,False,False,True,False,False,False,False,False,True,True,False,False,False,False,False,False
3,1.5,0,3,0,False,False,False,True,False,False,False,False,False,False,False,False,False,True,False,False,False,False,True,False,False,False,False,False,True,False
4,3.2,0,4,1,True,False,False,False,False,False,False,False,False,False,True,False,False,False,False,True,False,False,False,False,False,False,False,False,False,True
2,3.2,0,4,0,True,False,False,False,False,False,False,False,False,False,False,False,False,True,False,False,True,False,False,False,True,False,False,False,False,False
2,2.5,0,4,0,False,False,True,False,False,False,False,False,False,False,False,False,False,True,False,True,False,False,False,False,False,False,False,False,True,False
4,3.8,0,2,1,False,False,False,False,False,False,True,False,False,False,True,False,False,False,False,False,False,False,True,False,True,False,False,False,False,False
1,1.5,0,1,0,False,False,False,True,False,False,False,False,False,False,True,False,False,False,False,False,False,False,True,False,True,False,False,False,False,False
3,4.5,0,6,1,False,False,False,False,False,False,False,False,True,False,False,False,True,False,False,True,False,False,False,False,False,False,True,False,False,False
2,3.8,0,5,1,False,False,False,False,False,False,True,False,False,False,True,False,False,False,False,False,True,False,False,False,False,False,False,True,False,False
3,2.5,0,4,1,False,False,True,False,False,False,False,False,False,False,False,False,False,True,False,True,False,False,False,False,False,False,False,False,False,True
1,3.5,0,3,0,False,True,False,False,False,False,False,False,False,False,True,False,False,False,False,True,False,False,False,False,False,False,False,True,False,False
4,2.5,0,2,1,False,False,True,False,False,False,False,False,False,False,False,False,True,False,False,False,False,True,False,False,False,False,True,False,False,False
2,2.2,0,3,0,False,False,False,False,False,False,False,True,False,False,False,True,False,False,False,True,False,False,False,False,False,False,False,False,False,True
4,3.5,0,6,1,False,True,False,False,False,False,False,False,False,False,False,False,False,False,True,True,False,False,False,False,False,False,False,True,False,False
3,4.5,0,4,1,False,False,False,False,False,False,False,False,True,False,False,False,True,False,False,False,False,False,True,False,False,False,False,False,True,False
3,2.0,0,5,0,False,False,False,False,True,False,False,False,False,False,False,True,False,False,False,False,False,False,True,False,False,False,True,False,False,False
4,4.5,0,1,1,False,False,False,False,False,False,False,False,True,False,True,False,False,False,False,False,True,False,False,False,False,False,False,False,True,False
1,2.0,0,5,0,False,False,False,False,True,False,False,False,False,False,False,False,True,False,False,False,True,False,False,False,False,False,False,True,False,False
1,3.5,0,6,0,False,True,False,False,False,False,False,False,False,False,False,False,True,False,False,False,True,False,False,False,False,True,False,False,False,False
4,3.5,0,2,1,False,True,False,False,False,False,False,False,False,False,False,True,False,False,False,False,False,False,True,False,False,False,True,False,False,False
4,3.8,0,4,1,False,False,False,False,False,False,True,False,False,False,True,False,False,False,False,False,True,False,False,False,False,False,True,False,False,False
3,2.0,0,3,0,False,False,False,False,True,False,False,False,False,False,False,False,True,False,False,True,False,False,False,True,False,False,False,False,False,False
3,2.2,0,4,1,False,False,False,False,False,False,False,True,False,False,False,False,False,True,False,False,False,False,True,False,False,True,False,False,False,False
2,4.5,0,2,1,False,False,False,False,False,False,False,False,True,False,False,True,False,False,False,False,False,False,True,False,False,False,False,False,True,False
4,3.2,0,1,1,True,False,False,False,False,False,False,False,False,False,False,False,True,False,False,True,False,False,False,False,False,False,False,False,False,True
2,2.8,0,1,0,False,False,False,False,False,True,False,False,False,False,True,False,False,False,False,False,False,False,True,False,False,True,False,False,False,False
4,2.0,0,4,1,False,False,False,False,True,False,False,False,False,False,True,False,False,False,False,False,False,False,True,False,False,False,True,False,False,False
2,3.5,0,6,1,False,True,False,False,False,False,False,False,False,False,True,False,False,False,False,False,True,False,False,False,False,True,False,False,False,False
4,2.2,0,2,1,False,False,False,False,False,False,False,True,False,False,False,False,False,True,False,False,False,False,True,False,False,True,False,False,False,False
1,2.8,0,6,0,False,False,False,False,False,True,False,False,False,False,True,False,False,False,False,True,False,False,False,False,False,False,False,False,True,False
3,2.5,0,4,1,False,False,True,False,False,False,False,False,False,False,False,False,True,False,False,True,False,False,False,False,False,False,False,True,False,False
2,2.2,0,6,0,False,False,False,False,False,False,False,True,False,False,False,False,False,False,True,False,True,False,False,False,True,False,False,False,False,False
1,1.5,0,2,0,False,False,False,True,False,False,False,False,False,False,False,False,False,True,False,False,False,False,True,False,False,False,True,False,False,False
2,2.5,0,5,0,False,False,True,False,False,False,False,False,False,False,False,False,False,True,False,True,False,False,False,False,False,False,False,False,False,True
2,3.2,0,2,0,True,False,False,False,False,False,False,False,False,False,False,True,False,False,False,False,True,False,False,False,False,False,False,True,False,False
1,3.5,0,5,0,False,True,False,False,False,False,False,False,False,False,True,False,False,False,False,True,False,False,False,False,False,True,False,False,False,False
4,3.8,0,6,1,False,False,False,False,False,False,True,False,False,False,True,False,False,False,False,False,False,False,True,False,True,False,False,False,False,False
2,2.8,0,3,0,False,False,False,False,False,True,False,False,False,False,False,False,False,True,False,False,True,False,False,False,False,False,False,False,True,False
3,2.8,0,2,1,False,False,False,False,False,True,False,False,False,False,False,True,False,False,False,False,False,False,True,False,False,False,True,False,False,False
1,1.5,0,2,0,False,False,False,True,False,False,False,False,False,False,False,True,False,False,False,False,False,True,False,False,False,False,False,True,False,False
3,2.8,0,3,1,False,False,False,False,False,True,False,False,False,False,False,True,False,False,False,True,False,False,False,False,True,False,False,False,False,False
2,1.8,0,3,0,False,False,False,False,False,False,False,False,False,True,False,False,True,False,False,False,True,False,False,False,True,False,False,False,False,False
1,4.5,0,1,0,False,False,False,False,False,False,False,False,True,False,False,False,True,False,False,False,False,False,True,True,False,False,False,False,False,False
2,2.2,0,4,0,False,False,False,False,False,False,False,True,False,False,False,True,False,False,False,False,True,False,False,False,False,False,False,False,True,False
1,2.5,0,6,0,False,False,True,False,False,False,False,False,False,False,False,False,True,False,False,False,True,False,False,False,False,True,False,False,False,False
4,2.2,0,2,1,False,False,False,False,False,False,False,True,False,False,False,True,False,False,False,True,False,False,False,False,False,False,True,False,False,False
4,2.2,0,5,1,False,False,False,False,False,False,False,True,False,False,False,True,False,False,False,True,False,False,False,False,False,False,False,False,False,True
1,2.8,0,2,0,False,False,False,False,False,True,False,False,False,False,True,False,False,False,False,True,False,False,False,False,False,True,False,False,False,False
2,1.8,0,2,0,False,False,False,False,False,False,False,False,False,True,True,False,False,False,False,True,False,False,False,False,True,False,False,False,False,False
2,1.5,0,3,0,False,False,False,True,False,False,False,False,False,False,False,False,False,True,False,True,False,False,False,False,False,False,False,False,False,True
1,2.5,0,5,0,False,False,True,False,False,False,False,False,False,False,True,False,False,False,False,True,False,False,False,False,True,False,False,False,False,False
3,4.5,0,5,1,False,False,False,False,False,False,False,False,True,False,False,False,True,False,False,False,True,False,False,False,False,False,True,False,False,False
2,2.8,0,3,0,False,False,False,False,False,True,False,False,False,False,False,False,False,False,True,False,False,False,True,False,False,False,False,True,False,False
4,3.5,0,5,1,False,True,False,False,False,False,False,False,False,False,True,False,False,False,False,True,False,False,False,False,False,False,False,True,False,False
2,3.8,0,3,1,False,False,False,False,False,False,True,False,False,False,False,True,False,False,False,False,False,False,True,False,False,True,False,False,False,False
3,4.5,0,5,1,False,False,False,False,False,False,False,False,True,False,False,True,False,False,False,True,False,False,False,False,False,False,True,False,False,False
1,3.8,0,2,0,False,False,False,False,False,False,True,False,False,False,False,False,True,False,False,False,True,False,False,False,False,False,False,False,True,False
2,2.0,0,2,0,False,False,False,False,True,False,False,False,False,False,False,False,False,True,False,False,True,False,False,False,False,False,False,False,True,False
2,2.5,0,3,0,False,False,True,False,False,False,False,False,False,False,False,True,False,False,False,False,True,False,False,False,False,False,True,False,False,False
3,1.5,0,3,0,False,False,False,True,False,False,False,False,False,False,True,False,False,False,False,True,False,False,False,False,False,False,True,False,False,False
2,2.2,0,6,0,False,False,False,False,False,False,False,True,False,False,False,False,True,False,False,False,True,False,False,True,False,False,False,False,False,False
1,2.5,0,4,0,False,False,True,False,False,False,False,False,False,False,False,True,False,False,False,False,False,False,True,False,False,False,False,False,False,True
4,2.5,0,6,1,False,False,True,False,False,False,False,False,False,False,False,True,False,False,False,False,False,False,True,False,True,False,False,False,False,False
3,4.5,0,2,1,False,False,False,False,False,False,False,False,True,False,False,False,False,True,False,True,False,False,False,False,False,True,False,False,False,False
3,1.8,0,6,0,False,False,False,False,False,False,False,False,False,True,True,False,False,False,False,False,True,False,False,True,False,False,False,False,False,False
3,4.5,0,4,1,False,False,False,False,False,False,False,False,True,False,False,False,True,False,False,False,False,False,True,False,True,False,False,False,False,False
2,2.5,0,2,0,False,False,True,False,False,False,False,False,False,False,False,False,True,False,False,False,True,False,False,False,False,False,False,True,False,False
2,3.2,0,3,0,True,False,False,False,False,False,False,False,False,False,False,False,False,True,False,False,True,False,False,False,False,False,True,False,False,False
4,3.2,0,5,1,True,False,False,False,False,False,False,False,False,False,True,False,False,False,False,False,True,False,False,False,False,False,False,False,True,False
2,3.5,0,5,1,False,True,False,False,False,False,False,False,False,False,True,False,False,False,False,True,False,False,False,False,False,False,False,False,False,True
3,1.8,0,5,0,False,False,False,False,False,False,False,False,False,True,False,True,False,False,False,True,False,False,False,False,False,False,False,False,False,True
3,2.5,0,3,1,False,False,True,False,False,False,False,False,False,False,False,True,False,False,False,False,True,False,False,False,False,True,False,False,False,False
4,4.5,0,4,1,False,False,False,False,False,False,False,False,True,False,False,True,False,False,False,True,False,False,False,False,True,False,False,False,False,False
3,3.2,0,5,1,True,False,False,False,False,False,False,False,False,False,False,False,False,True,False,True,False,False,False,False,False,False,False,False,False,True
2,2.2,0,3,0,False,False,False,False,False,False,False,True,False,False,False,False,False,True,False,False,True,False,False,False,False,False,False,False,False,True
1,2.2,0,3,0,False,False,False,False,False,False,False,True,False,False,False,False,True,False,False,True,False,False,False,False,False,False,False,False,False,True
1,3.5,0,3,0,False,True,False,False,False,False,False,False,False,False,False,False,True,False,False,False,False,False,True,True,False,False,False,False,False,False
4,3.8,0,5,1,False,False,False,False,False,False,True,False,False,False,True,False,False,False,False,True,False,False,False,False,False,True,False,False,False,False
1,1.8,0,6,0,False,False,False,False,False,False,False,False,False,True,False,False,False,True,False,False,False,False,True,False,False,False,True,False,False,False
2,2.0,0,6,0,False,False,False,False,True,False,False,False,False,False,False,False,False,True,False,True,False,False,False,False,False,True,False,False,False,False
4,2.2,0,2,1,False,False,False,False,False,False,False,True,False,False,False,True,False,False,False,False,False,False,True,False,True,False,False,False,False,False
1,2.0,0,6,0,False,False,False,False,True,False,False,False,False,False,False,True,False,False,False,True,False,False,False,False,False,True,False,False,False,False
2,2.0,0,2,0,False,False,False,False,True,False,False,False,False,False,True,False,False,False,False,True,False,False,False,True,False,False,False,False,False,False
1,3.8,0,4,0,False,False,False,False,False,False,True,False,False,False,False,False,False,True,False,True,False,False,False,False,False,True,False,False,False,False
1,1.8,0,2,0,False,False,False,False,False,False,False,False,False,True,False,True,False,False,False,False,True,False,False,False,False,False,False,False,False,True
1,1.5,0,6,0,False,False,False,True,False,False,False,False,False,False,False,False,True,False,False,False,True,False,False,False,False,False,True,False,False,False
3,2.5,0,1,1,False,False,True,False,False,False,False,False,False,False,False,False,False,True,False,False,False,False,True,False,False,False,False,False,False,True
3,3.5,0,4,1,False,True,False,False,False,False,False,False,False,False,False,False,True,False,False,False,True,False,False,False,True,False,False,False,False,False
1,2.5,0,4,0,False,False,True,False,False,False,False,False,False,False,False,False,False,True,False,False,False,False,True,True,False,False,False,False,False,False
2,1.5,0,4,0,False,False,False,True,False,False,False,False,False,False,True,False,False,False,False,True,False,False,False,False,False,False,True,False,False,False
1,3.2,0,3,0,True,False,False,False,False,False,False,False,False,False,True,False,False,False,False,False,False,False,True,False,False,False,True,False,False,False
4,1.8,0,1,1,False,False,False,False,False,False,False,False,False,True,True,False,False,False,False,False,True,False,False,True,False,False,False,False,False,False
4,2.2,0,6,1,False,False,False,False,False,False,False,True,False,False,False,True,False,False,False,False,True,False,False,False,True,False,False,False,False,False
2,1.5,0,4,0,False,False,False,True,False,False,False,False,False,False,False,False,False,True,False,True,False,False,False,False,False,False,False,False,True,False
4,3.8,0,1,1,False,False,False,False,False,False,True,False,False,False,False,False,False,True,False,False,True,False,False,False,False,False,True,False,False,False
4,3.5,0,2,1,False,True,False,False,False,False,False,False,False,False,False,False,True,False,False,False,False,False,True,False,False,False,False,False,False,True
3,1.5,0,1,0,False,False,False,True,False,False,False,False,False,False,True,False,False,False,False,True,False,False,False,False,False,False,False,False,False,True
2,2.8,0,3,0,False,False,False,False,False,True,False,False,False,False,False,True,False,False,False,False,False,False,True,False,False,True,False,False,False,False
3,3.5,0,4,1,False,True,False,False,False,False,False,False,False,False,False,False,False,True,False,True,False,False,False,True,False,False,False,False,False,False
4,2.5,0,4,1,False,False,True,False,False,False,False,False,False,False,False,True,False,False,False,True,False,False,False,False,False,False,False,False,True,False
1,1.8,0,1,0,False,False,False,False,False,False,False,False,False,True,False,False,True,False,False,True,False,False,False,False,False,False,True,False,False,False
2,4.5,0,4,1,False,False,False,False,False,False,False,False,True,False,True,False,False,False,False,False,True,False,False,False,False,False,True,False,False,False
4,2.2,0,6,1,False,False,False,False,False,False,False,True,False,False,False,False,True,False,False,False,True,False,False,False,False,False,False,True,False,False
1,3.8,0,4,0,False,False,False,False,False,False,True,False,False,False,False,False,True,False,False,True,False,False,False,True,False,False,False,False,False,False
3,2.2,0,6,1,False,False,False,False,False,False,False,True,False,False,True,False,False,False,False,True,False,False,False,False,True,False,False,False,False,False
3,3.2,0,3,1,True,False,False,False,False,False,False,False,False,False,True,False,False,False,False,False,True,False,False,True,False,False,False,False,False,False
2,2.8,0,5,0,False,False,False,False,False,True,False,False,False,False,False,False,True,False,False,True,False,False,False,False,False,False,True,False,False,False
4,1.8,0,1,1,False,False,False,False,False,False,False,False,False,True,False,False,True,False,False,False,True,False,False,False,False,False,False,False,False,True
3,4.5,0,3,1,False,False,False,False,False,False,False,False,True,False,False,False,True,False,False,False,True,False,False,False,False,False,False,False,False,True
3,2.8,0,1,1,False,False,False,False,False,True,False,False,False,False,False,False,False,True,False,True,False,False,False,False,False,False,False,False,False,True
2,2.8,0,6,0,False,False,False,False,False,True,False,False,False,False,False,False,False,True,False,True,False,False,False,False,False,False,False,False,True,False
1,3.2,0,1,0,True,False,False,False,False,False,False,False,False,False,False,True,False,False,False,False,False,False,True,False,False,False,False,False,False,True
3,2.8,0,4,1,False,False,False,False,False,True,False,False,False,False,False,False,True,False,False,False,True,False,False,False,True,False,False,False,False,False
2,3.8,0,2,1,False,False,False,False,False,False,True,False,False,False,False,False,False,True,False,False,False,False,True,False,False,False,False,False,False,True
1,3.8,0,4,0,False,False,False,False,False,False,True,False,False,False,False,True,False,False,False,False,False,False,True,False,False,False,False,False,True,False
1,1.8,0,4,0,False,False,False,False,False,False,False,False,False,True,False,False,True,False,False,False,False,False,True,True,False,False,False,False,False,False
4,4.5,0,2,1,False,False,False,False,False,False,False,False,True,False,True,False,False,False,False,True,False,False,False,False,False,False,False,False,True,False
3,2.2,0,3,1,False,False,False,False,False,False,False,True,False,False,True,False,False,False,False,False,True,False,False,False,False,False,False,False,True,False
2,4.5,0,3,1,False,False,False,False,False,False,False,False,True,False,True,False,False,False,False,False,False,False,True,True,False,False,False,False,False,False
4,4.5,0,6,1,False,False,False,False,False,False,False,False,True,False,False,True,False,False,False,False,False,False,True,False,False,False,True,False,False,False
1,4.5,0,6,0,False,False,False,False,False,False,False,False,True,False,True,False,False,False,False,False,True,False,False,False,True,False,False,False,False,False
4,1.8,0,5,1,False,False,False,False,False,False,False,False,False,True,False,False,True,False,False,True,False,False,False,False,False,True,False,False,False,False
1,2.8,0,3,0,False,False,False,False,False,True,False,False,False,False,False,True,False,False,False,False,False,False,True,True,False,False,False,False,False,False
3,2.2,0,4,1,False,False,False,False,False,False,False,True,False,False,False,False,False,True,False,True,False,False,False,False,False,False,False,True,False,False
